{"stats":{"minecraft:used":{"minecraft:sand":1,"minecraft:crafting_table":1,"minecraft:oak_boat":1},"minecraft:crafted":{"minecraft:oak_boat":1,"minecraft:oak_planks":12,"minecraft:crafting_table":1},"minecraft:custom":{"minecraft:open_chest":1,"minecraft:time_since_rest":10965,"minecraft:sprint_one_cm":5317,"minecraft:play_time":10965,"minecraft:damage_taken":40,"minecraft:walk_one_cm":1755,"minecraft:sneak_time":70,"minecraft:walk_under_water_one_cm":5516,"minecraft:boat_one_cm":98479,"minecraft:jump":50,"minecraft:damage_dealt":30,"minecraft:walk_on_water_one_cm":2792,"minecraft:leave_game":1,"minecraft:time_since_death":10965,"minecraft:total_world_time":10965,"minecraft:swim_one_cm":18703,"minecraft:interact_with_crafting_table":1,"minecraft:fall_one_cm":209,"minecraft:fly_one_cm":14051},"minecraft:picked_up":{"minecraft:sand":1,"minecraft:oak_log":3},"minecraft:mined":{"minecraft:oak_log":3,"minecraft:sand":1}},"DataVersion":3465}