{"stats":{"minecraft:broken":{"minecraft:stone_pickaxe":1},"minecraft:crafted":{"minecraft:oak_boat":1,"minecraft:oak_slab":6,"minecraft:oak_planks":76,"minecraft:crafting_table":3,"minecraft:stick":12,"minecraft:iron_ingot":1,"minecraft:wooden_pickaxe":1,"minecraft:stone_pickaxe":1,"minecraft:wooden_axe":1,"minecraft:chest":2,"minecraft:bowl":4,"minecraft:torch":8},"minecraft:used":{"minecraft:wooden_axe":13,"minecraft:stone_pickaxe":132,"minecraft:oak_planks":2,"minecraft:chest":2,"minecraft:wooden_pickaxe":15,"minecraft:torch":4,"minecraft:dirt":5,"minecraft:sand":1,"minecraft:cobblestone":23,"minecraft:crafting_table":3,"minecraft:oak_sapling":5,"minecraft:mushroom_stew":2,"minecraft:oak_boat":1,"minecraft:bone_meal":11,"minecraft:golden_pickaxe":31},"minecraft:custom":{"minecraft:time_since_rest":45786,"minecraft:sprint_one_cm":38383,"minecraft:damage_taken":60,"minecraft:walk_one_cm":25990,"minecraft:damage_dealt":30,"minecraft:interact_with_crafting_table":10,"minecraft:swim_one_cm":57476,"minecraft:fly_one_cm":50823,"minecraft:open_chest":10,"minecraft:crouch_one_cm":581,"minecraft:play_time":45786,"minecraft:sneak_time":666,"minecraft:walk_under_water_one_cm":10887,"minecraft:boat_one_cm":140103,"minecraft:jump":173,"minecraft:leave_game":2,"minecraft:time_since_death":45786,"minecraft:walk_on_water_one_cm":6397,"minecraft:total_world_time":45786,"minecraft:fall_one_cm":896},"minecraft:picked_up":{"minecraft:torch":1,"minecraft:sand":1,"minecraft:oak_log":19,"minecraft:dirt":5,"minecraft:apple":1,"minecraft:oak_sapling":2,"minecraft:coal":74,"minecraft:cobblestone":146},"minecraft:mined":{"minecraft:torch":1,"minecraft:coal_ore":31,"minecraft:oak_log":19,"minecraft:mycelium":2,"minecraft:dirt":3,"minecraft:sand":1,"minecraft:cobblestone":2,"minecraft:stone":144,"minecraft:oak_leaves":3}},"DataVersion":3465}