{"stats":{"minecraft:used":{"minecraft:sand":1,"minecraft:crafting_table":1,"minecraft:oak_boat":1},"minecraft:crafted":{"minecraft:oak_boat":1,"minecraft:oak_planks":12,"minecraft:crafting_table":1},"minecraft:custom":{"minecraft:open_chest":7,"minecraft:time_since_rest":22965,"minecraft:crouch_one_cm":86,"minecraft:sprint_one_cm":7503,"minecraft:play_time":22965,"minecraft:damage_taken":60,"minecraft:walk_one_cm":2474,"minecraft:sneak_time":205,"minecraft:walk_under_water_one_cm":9956,"minecraft:boat_one_cm":140103,"minecraft:jump":81,"minecraft:damage_dealt":30,"minecraft:walk_on_water_one_cm":5039,"minecraft:leave_game":1,"minecraft:time_since_death":22965,"minecraft:total_world_time":22965,"minecraft:swim_one_cm":54731,"minecraft:interact_with_crafting_table":1,"minecraft:fall_one_cm":209,"minecraft:fly_one_cm":21804},"minecraft:picked_up":{"minecraft:sand":1,"minecraft:oak_log":3},"minecraft:mined":{"minecraft:oak_log":3,"minecraft:sand":1}},"DataVersion":3465}