{"stats":{"minecraft:used":{"minecraft:sand":1,"minecraft:crafting_table":2,"minecraft:oak_sapling":3,"minecraft:oak_boat":1,"minecraft:bone_meal":11},"minecraft:crafted":{"minecraft:oak_boat":1,"minecraft:oak_planks":28,"minecraft:crafting_table":2,"minecraft:stick":4},"minecraft:custom":{"minecraft:open_chest":7,"minecraft:time_since_rest":34965,"minecraft:crouch_one_cm":86,"minecraft:sprint_one_cm":17989,"minecraft:play_time":34965,"minecraft:damage_taken":60,"minecraft:walk_one_cm":5460,"minecraft:sneak_time":235,"minecraft:walk_under_water_one_cm":9956,"minecraft:boat_one_cm":140103,"minecraft:jump":99,"minecraft:damage_dealt":30,"minecraft:walk_on_water_one_cm":5039,"minecraft:leave_game":1,"minecraft:time_since_death":34965,"minecraft:total_world_time":34965,"minecraft:swim_one_cm":54731,"minecraft:interact_with_crafting_table":2,"minecraft:fall_one_cm":418,"minecraft:fly_one_cm":39655},"minecraft:picked_up":{"minecraft:sand":1,"minecraft:oak_log":7},"minecraft:mined":{"minecraft:oak_log":7,"minecraft:sand":1,"minecraft:oak_leaves":2}},"DataVersion":3465}