{"stats":{"minecraft:used":{"minecraft:sand":1},"minecraft:custom":{"minecraft:jump":34,"minecraft:time_since_rest":6219,"minecraft:damage_dealt":30,"minecraft:leave_game":1,"minecraft:damage_taken":40,"minecraft:sprint_one_cm":2105,"minecraft:play_time":6219,"minecraft:walk_on_water_one_cm":1562,"minecraft:time_since_death":6219,"minecraft:walk_one_cm":623,"minecraft:sneak_time":18,"minecraft:total_world_time":6219,"minecraft:walk_under_water_one_cm":1958,"minecraft:swim_one_cm":7426,"minecraft:fly_one_cm":10521},"minecraft:picked_up":{"minecraft:sand":1},"minecraft:mined":{"minecraft:sand":1}},"DataVersion":3465}