{"stats":{"minecraft:mined":{"minecraft:torch":2,"minecraft:oak_log":19,"minecraft:coal_ore":31,"minecraft:mycelium":2,"minecraft:dirt":3,"minecraft:sand":1,"minecraft:cobblestone":2,"minecraft:stone":144,"minecraft:oak_leaves":3},"minecraft:crafted":{"minecraft:oak_boat":2,"minecraft:oak_slab":6,"minecraft:oak_planks":76,"minecraft:cobblestone_slab":240,"minecraft:crafting_table":3,"minecraft:stick":12,"minecraft:wooden_pickaxe":1,"minecraft:iron_ingot":1,"minecraft:stone_pickaxe":1,"minecraft:wooden_axe":1,"minecraft:chest":2,"minecraft:bowl":4,"minecraft:torch":8},"minecraft:picked_up":{"minecraft:torch":2,"minecraft:sand":1,"minecraft:oak_log":19,"minecraft:dirt":5,"minecraft:apple":1,"minecraft:oak_sapling":2,"minecraft:coal":74,"minecraft:cobblestone":146},"minecraft:used":{"minecraft:wooden_axe":13,"minecraft:stone_pickaxe":132,"minecraft:oak_planks":2,"minecraft:chest":2,"minecraft:wooden_pickaxe":15,"minecraft:cobblestone_slab":15,"minecraft:torch":5,"minecraft:sand":1,"minecraft:dirt":5,"minecraft:cobblestone":23,"minecraft:crafting_table":3,"minecraft:oak_sapling":5,"minecraft:mushroom_stew":3,"minecraft:oak_boat":1,"minecraft:golden_pickaxe":31,"minecraft:bone_meal":11},"minecraft:broken":{"minecraft:stone_pickaxe":1},"minecraft:custom":{"minecraft:time_since_rest":50563,"minecraft:sprint_one_cm":52241,"minecraft:damage_taken":160,"minecraft:walk_one_cm":30628,"minecraft:damage_dealt":45,"minecraft:swim_one_cm":59451,"minecraft:interact_with_crafting_table":12,"minecraft:fly_one_cm":97734,"minecraft:open_chest":17,"minecraft:crouch_one_cm":581,"minecraft:play_time":50563,"minecraft:sneak_time":681,"minecraft:walk_under_water_one_cm":13784,"minecraft:boat_one_cm":140103,"minecraft:jump":358,"minecraft:leave_game":2,"minecraft:walk_on_water_one_cm":6918,"minecraft:time_since_death":50563,"minecraft:total_world_time":50563,"minecraft:fall_one_cm":4778}},"DataVersion":3465}